{"accuracy": [0.5557799935340881, 0.8598200082778931, 0.9176200032234192, 0.9372599720954895, 0.9489399790763855, 0.958079993724823, 0.9635000228881836, 0.967960000038147, 0.9711599946022034, 0.9737600088119507, 0.9751200079917908, 0.9775599837303162, 0.9782999753952026, 0.979960024356842, 0.9810799956321716, 0.98198002576828, 0.9836199879646301, 0.9848600029945374, 0.9850199818611145, 0.9851999878883362, 0.986240029335022, 0.986299991607666, 0.9871199727058411, 0.9879000186920166, 0.9879800081253052, 0.9901400208473206, 0.9899600148200989, 0.9911999702453613, 0.9915000200271606, 0.9915599822998047, 0.9917399883270264, 0.9925000071525574, 0.9917399883270264, 0.9929199814796448, 0.9920200109481812, 0.9928600192070007, 0.9922199845314026, 0.9926599860191345, 0.9927600026130676, 0.9930999875068665, 0.9921600222587585, 0.9921600222587585, 0.993120014667511], "loss": [1.4994348287582397, 0.43789470195770264, 0.26844656467437744, 0.20576196908950806, 0.16768431663513184, 0.13866131007671356, 0.1226896122097969, 0.10722550749778748, 0.09347863495349884, 0.08671818673610687, 0.07838857173919678, 0.07674094289541245, 0.07179507613182068, 0.06511189788579941, 0.06248549744486809, 0.060241103172302246, 0.05621778219938278, 0.05096068233251572, 0.04974592849612236, 0.049579497426748276, 0.04667077958583832, 0.043594878166913986, 0.044446177780628204, 0.040405455976724625, 0.0396699458360672, 0.0333351232111454, 0.033085089176893234, 0.028065448626875877, 0.028072193264961243, 0.026755502447485924, 0.02915854938328266, 0.024257151409983635, 0.027287989854812622, 0.02374388836324215, 0.025753291323781013, 0.023821363225579262, 0.026193926110863686, 0.024367820471525192, 0.02342223934829235, 0.023124663159251213, 0.025466935709118843, 0.024668769910931587, 0.022312035784125328], "val_accuracy": [0.10689999908208847, 0.9771999716758728, 0.9819999933242798, 0.98580002784729, 0.9853000044822693, 0.9887999892234802, 0.9908999800682068, 0.9926999807357788, 0.9904000163078308, 0.991599977016449, 0.9926000237464905, 0.9914000034332275, 0.9923999905586243, 0.9932000041007996, 0.9940000176429749, 0.9923999905586243, 0.9929999709129333, 0.9933000206947327, 0.9923999905586243, 0.9941999912261963, 0.9944000244140625, 0.9941999912261963, 0.9941999912261963, 0.9955000281333923, 0.9943000078201294, 0.9954000115394592, 0.9958999752998352, 0.9957000017166138, 0.9958000183105469, 0.9961000084877014, 0.9957000017166138, 0.9955999851226807, 0.9955999851226807, 0.9958000183105469, 0.9958000183105469, 0.9958999752998352, 0.9958999752998352, 0.9957000017166138, 0.9958000183105469, 0.9958000183105469, 0.9958000183105469, 0.9958999752998352, 0.9958000183105469], "val_loss": [9.148468017578125, 0.07473839074373245, 0.056325219571590424, 0.04854806140065193, 0.050992030650377274, 0.03843628987669945, 0.03257350996136665, 0.02825702726840973, 0.03410474956035614, 0.02805694006383419, 0.026984792202711105, 0.03438099846243858, 0.02741849422454834, 0.024546034634113312, 0.022938737645745277, 0.026410436257719994, 0.024576641619205475, 0.02367226406931877, 0.029441488906741142, 0.019914967939257622, 0.023315053433179855, 0.020461859181523323, 0.023392438888549805, 0.020096048712730408, 0.02158205956220627, 0.018115511164069176, 0.01804516464471817, 0.017092114314436913, 0.017180731520056725, 0.01657651923596859, 0.01728477142751217, 0.01779654063284397, 0.017956510186195374, 0.017236528918147087, 0.017236754298210144, 0.016895921900868416, 0.017036573961377144, 0.016970261931419373, 0.01695108786225319, 0.01684930920600891, 0.016740769147872925, 0.01687316782772541, 0.016962820664048195], "learning_rate": [9.999999747378752e-05, 9.999999747378752e-05, 9.999999747378752e-05, 9.999999747378752e-05, 9.999999747378752e-05, 9.999999747378752e-05, 9.999999747378752e-05, 9.999999747378752e-05, 9.999999747378752e-05, 9.999999747378752e-05, 9.999999747378752e-05, 9.999999747378752e-05, 9.999999747378752e-05, 9.999999747378752e-05, 9.999999747378752e-05, 9.999999747378752e-05, 9.999999747378752e-05, 9.999999747378752e-05, 9.999999747378752e-05, 9.999999747378752e-05, 9.999999747378752e-05, 9.999999747378752e-05, 9.999999747378752e-05, 9.999999747378752e-05, 9.999999747378752e-05, 1.9999999494757503e-05, 1.9999999494757503e-05, 1.9999999494757503e-05, 1.9999999494757503e-05, 1.9999999494757503e-05, 1.9999999494757503e-05, 1.9999999494757503e-05, 1.9999999494757503e-05, 3.999999989900971e-06, 3.999999989900971e-06, 3.999999989900971e-06, 3.999999989900971e-06, 3.999999989900971e-06, 9.999999974752427e-07, 9.999999974752427e-07, 9.999999974752427e-07, 9.999999974752427e-07, 9.999999974752427e-07]}